{
  "cpx_k3_w1000": 0.9180415044014115,
  "cpx_k3_w5000": 0.9225364395555443,
  "cpx_k3_w20000": 0.9235561283042784,
  "cpx_k5_w1000": 0.9259524752458079,
  "cpx_k5_w5000": 0.9317375844998879,
  "cpx_k5_w20000": 0.9299148540074832,
  "cpx_k8_w1000": 0.9346826405471467,
  "cpx_k8_w5000": 0.9453429878471253,
  "cpx_k8_w20000": 0.9474674195560575,
  "cpx_k13_w1000": 0.8993568398639763,
  "cpx_k13_w5000": 0.9535954861054625,
  "cpx_k13_w20000": 0.959402115844491,
  "stability_w1000": 0.9858200262629934,
  "stability_w5000": 0.9872208328881571,
  "stability_w20000": 0.9849162883906357,
  "stability_k3": 0.997399850808539,
  "stability_k5": 0.9974009883709566,
  "stability_k8": 0.9940650097494884,
  "stability_k13": 0.9711546826557911,
  "overall_stability": 0.9827685274511895
}