{
  "bin_centers": [
    0.5429955419840116,
    0.5496370155918295,
    0.5562784891996474,
    0.5629199628074653,
    0.5695614364152832,
    0.5762029100231012,
    0.5828443836309192,
    0.589485857238737,
    0.5961273308465549,
    0.6027688044543729
  ],
  "p_add_by_bin": [
    1.0,
    1.0,
    1.0,
    1.0,
    1.0,
    1.0,
    1.0,
    1.0,
    1.0,
    1.0
  ],
  "bin_counts": [
    1.0,
    1.0,
    3.0,
    7.0,
    6.0,
    10.0,
    5.0,
    5.0,
    8.0,
    2.0
  ],
  "monotonicity": 0.0,
  "lag_score": 1.0,
  "base_score": 1.0
}