{
  "cpx_k3_w1000": 0.9253078623727939,
  "cpx_k3_w5000": 0.9227563144493985,
  "cpx_k3_w20000": 0.9246188634390609,
  "cpx_k5_w1000": 0.9301288062123334,
  "cpx_k5_w5000": 0.9400333669059744,
  "cpx_k5_w20000": 0.9414694688711792,
  "cpx_k8_w1000": 0.9376998556112938,
  "cpx_k8_w5000": 0.9450536472981593,
  "cpx_k8_w20000": 0.950444965378751,
  "cpx_k13_w1000": 0.9363989480258407,
  "cpx_k13_w5000": 0.9567034294178869,
  "cpx_k13_w20000": 0.9578691552919111,
  "stability_w1000": 0.9946498642934453,
  "stability_w5000": 0.9870221388631472,
  "stability_w20000": 0.9868562295173295,
  "stability_k3": 0.9988338745412698,
  "stability_k5": 0.9946204706610022,
  "stability_k8": 0.9944687714462658,
  "stability_k13": 0.9896268174623164,
  "overall_stability": 0.9877436598123928
}