{
  "cpx_k3_w1000": 0.9233319647021418,
  "cpx_k3_w5000": 0.9246723060328559,
  "cpx_k3_w20000": 0.9285404858995915,
  "cpx_k5_w1000": 0.9335869191226926,
  "cpx_k5_w5000": 0.9438186231913589,
  "cpx_k5_w20000": 0.9422696737482477,
  "cpx_k8_w1000": 0.9420739673402821,
  "cpx_k8_w5000": 0.9468502563895946,
  "cpx_k8_w20000": 0.9535316622837448,
  "cpx_k13_w1000": 0.9485513798242545,
  "cpx_k13_w5000": 0.9577179859542684,
  "cpx_k13_w20000": 0.9602679050199507,
  "stability_w1000": 0.9899080042379678,
  "stability_w5000": 0.9873698003221867,
  "stability_w20000": 0.9872845510792019,
  "stability_k3": 0.9976140116003305,
  "stability_k5": 0.995209230669871,
  "stability_k8": 0.9950404629167847,
  "stability_k13": 0.9947346806998546,
  "overall_stability": 0.9874251956403636
}