{
  "cpx_k3_w1000": 0.925779072813558,
  "cpx_k3_w5000": 0.9294992500877389,
  "cpx_k3_w20000": 0.9263585348155651,
  "cpx_k5_w1000": 0.9324904621987318,
  "cpx_k5_w5000": 0.9379723271341942,
  "cpx_k5_w20000": 0.9360782795100316,
  "cpx_k8_w1000": 0.9468650701840765,
  "cpx_k8_w5000": 0.9512634859325984,
  "cpx_k8_w20000": 0.953254927026149,
  "cpx_k13_w1000": 0.931226507107755,
  "cpx_k13_w5000": 0.9583554583502754,
  "cpx_k13_w20000": 0.958908273784008,
  "stability_w1000": 0.9916552579771857,
  "stability_w5000": 0.9880990811336512,
  "stability_w20000": 0.9861688399049845,
  "stability_k3": 0.9982373622404417,
  "stability_k5": 0.9975700071422102,
  "stability_k8": 0.9971912299386507,
  "stability_k13": 0.9863917584166639,
  "overall_stability": 0.9873835211675296
}