{
  "cpx_k3_w1000": 0.9203810300976993,
  "cpx_k3_w5000": 0.9234731366570292,
  "cpx_k3_w20000": 0.9241643000827215,
  "cpx_k5_w1000": 0.9324000497796932,
  "cpx_k5_w5000": 0.9339715900696961,
  "cpx_k5_w20000": 0.9389575032526438,
  "cpx_k8_w1000": 0.9487093145355298,
  "cpx_k8_w5000": 0.9525715262939527,
  "cpx_k8_w20000": 0.9546192098108676,
  "cpx_k13_w1000": 0.9449740532427093,
  "cpx_k13_w5000": 0.9609106219580518,
  "cpx_k13_w20000": 0.9609650594842241,
  "stability_w1000": 0.9880934826467186,
  "stability_w5000": 0.9843119908939568,
  "stability_w20000": 0.9848655794508394,
  "stability_k3": 0.998217219038578,
  "stability_k5": 0.9970105987490215,
  "stability_k8": 0.9974260459096551,
  "stability_k13": 0.9921250483772228,
  "overall_stability": 0.9851924031373237
}