{
  "cpx_k3_w1000": 0.9279855092227771,
  "cpx_k3_w5000": 0.9232310047927655,
  "cpx_k3_w20000": 0.925275032305241,
  "cpx_k5_w1000": 0.9388614003247902,
  "cpx_k5_w5000": 0.9319302314766427,
  "cpx_k5_w20000": 0.9348563653204386,
  "cpx_k8_w1000": 0.9392162708335622,
  "cpx_k8_w5000": 0.9508742724459793,
  "cpx_k8_w20000": 0.9522494866679013,
  "cpx_k13_w1000": 0.9481060397470127,
  "cpx_k13_w5000": 0.9597585977359337,
  "cpx_k13_w20000": 0.9599189417160461,
  "stability_w1000": 0.9924008826856971,
  "stability_w5000": 0.9845471967081985,
  "stability_w20000": 0.9854584090351162,
  "stability_k3": 0.9978958723838532,
  "stability_k5": 0.9969621544475432,
  "stability_k8": 0.9938288946306518,
  "stability_k13": 0.9942137377833834,
  "overall_stability": 0.9868250412629354
}