{
  "cpx_k3_w1000": 0.9283911111431735,
  "cpx_k3_w5000": 0.9248811792699861,
  "cpx_k3_w20000": 0.9279589145209415,
  "cpx_k5_w1000": 0.9259379164031118,
  "cpx_k5_w5000": 0.9398478407430858,
  "cpx_k5_w20000": 0.9366702097969933,
  "cpx_k8_w1000": 0.9341662064698153,
  "cpx_k8_w5000": 0.9453271298390991,
  "cpx_k8_w20000": 0.9530028377456807,
  "cpx_k13_w1000": 0.9421821530187722,
  "cpx_k13_w5000": 0.9542739937676581,
  "cpx_k13_w20000": 0.9597850095101069,
  "stability_w1000": 0.9932966702842456,
  "stability_w5000": 0.9886539799149208,
  "stability_w20000": 0.9865976161747828,
  "stability_k3": 0.998314357077221,
  "stability_k5": 0.9936291581691205,
  "stability_k8": 0.9918088777040438,
  "stability_k13": 0.9922781429900595,
  "overall_stability": 0.9879253384778794
}