{
  "bin_centers": [
    0.8704647449649678,
    0.9093117550441765,
    0.9481587651233849,
    0.9870057752025935,
    1.025852785281802,
    1.0646997953610104,
    1.103546805440219,
    1.1423938155194275,
    1.1812408255986362,
    1.2200878356778446
  ],
  "p_add_by_bin": [
    1.0,
    1.0,
    1.0,
    1.0,
    1.0,
    1.0,
    1.0,
    1.0,
    1.0,
    1.0
  ],
  "bin_counts": [
    4.0,
    10.0,
    13.0,
    10.0,
    17.0,
    15.0,
    17.0,
    26.0,
    58.0,
    78.0
  ],
  "monotonicity": 0.0,
  "lag_score": 1.0,
  "base_score": 1.0
}