{
  "bin_centers": [
    0.9030551161708629,
    0.9368099463188897,
    0.9705647764669165,
    1.0043196066149433,
    1.0380744367629702,
    1.071829266910997,
    1.1055840970590238,
    1.1393389272070509,
    1.1730937573550777,
    1.2068485875031045
  ],
  "p_add_by_bin": [
    1.0,
    1.0,
    1.0,
    1.0,
    1.0,
    1.0,
    1.0,
    1.0,
    1.0,
    1.0
  ],
  "bin_counts": [
    6.0,
    17.0,
    11.0,
    11.0,
    10.0,
    17.0,
    16.0,
    25.0,
    52.0,
    83.0
  ],
  "monotonicity": 0.0,
  "lag_score": 1.0,
  "base_score": 1.0
}