{
  "bin_centers": [
    0.8934951096823093,
    0.9331045964159073,
    0.9727140831495054,
    1.0123235698831035,
    1.0519330566167016,
    1.0915425433502994,
    1.1311520300838978,
    1.1707615168174956,
    1.2103710035510935,
    1.2499804902846918
  ],
  "p_add_by_bin": [
    1.0,
    1.0,
    1.0,
    1.0,
    1.0,
    1.0,
    1.0,
    1.0,
    1.0,
    1.0
  ],
  "bin_counts": [
    8.0,
    13.0,
    8.0,
    16.0,
    13.0,
    17.0,
    22.0,
    20.0,
    43.0,
    88.0
  ],
  "monotonicity": 0.0,
  "lag_score": 1.0,
  "base_score": 1.0
}