{
  "bin_centers": [
    0.909372336893993,
    0.9475618764262501,
    0.9857514159585075,
    1.0239409554907646,
    1.0621304950230217,
    1.1003200345552788,
    1.138509574087536,
    1.1766991136197933,
    1.2148886531520504,
    1.2530781926843075
  ],
  "p_add_by_bin": [
    1.0,
    1.0,
    1.0,
    1.0,
    1.0,
    1.0,
    1.0,
    1.0,
    1.0,
    1.0
  ],
  "bin_counts": [
    10.0,
    15.0,
    14.0,
    10.0,
    15.0,
    14.0,
    22.0,
    28.0,
    43.0,
    77.0
  ],
  "monotonicity": 0.0,
  "lag_score": 1.0,
  "base_score": 1.0
}