{
  "bin_centers": [
    0.8191593723913573,
    0.8523506871359887,
    0.8855420018806203,
    0.9187333166252518,
    0.9519246313698833,
    0.9851159461145148,
    1.0183072608591464,
    1.051498575603778,
    1.0846898903484095,
    1.117881205093041
  ],
  "p_add_by_bin": [
    1.0,
    1.0,
    1.0,
    1.0,
    1.0,
    1.0,
    1.0,
    1.0,
    1.0,
    1.0
  ],
  "bin_counts": [
    1.0,
    6.0,
    10.0,
    12.0,
    19.0,
    21.0,
    29.0,
    68.0,
    27.0,
    55.0
  ],
  "monotonicity": 0.0,
  "lag_score": 1.0,
  "base_score": 1.0
}