{
  "cpx_k3_w1000": 0.9217292453518607,
  "cpx_k3_w5000": 0.9258024489868849,
  "cpx_k3_w20000": 0.9261168972333318,
  "cpx_k5_w1000": 0.9413385876580886,
  "cpx_k5_w5000": 0.9398414298541413,
  "cpx_k5_w20000": 0.9418376651344517,
  "cpx_k8_w1000": 0.9409393623478002,
  "cpx_k8_w5000": 0.9455242082770844,
  "cpx_k8_w20000": 0.9499082963968227,
  "cpx_k13_w1000": 0.9395271831437757,
  "cpx_k13_w5000": 0.9521074636583273,
  "cpx_k13_w20000": 0.954745395428867,
  "stability_w1000": 0.9912385674847298,
  "stability_w5000": 0.989694479483367,
  "stability_w20000": 0.98848275789743,
  "stability_k3": 0.9978385470879366,
  "stability_k5": 0.9990985875387408,
  "stability_k8": 0.9961268925191784,
  "stability_k13": 0.9930015515691055,
  "overall_stability": 0.9892416422636248
}