{
  "cpx_k3_w1000": 0.9180181692444553,
  "cpx_k3_w5000": 0.9264580196546027,
  "cpx_k3_w20000": 0.9263653017627669,
  "cpx_k5_w1000": 0.9285580420076964,
  "cpx_k5_w5000": 0.9368619676038684,
  "cpx_k5_w20000": 0.9379194363177076,
  "cpx_k8_w1000": 0.9410486040687135,
  "cpx_k8_w5000": 0.9454944010928251,
  "cpx_k8_w20000": 0.9476211759943294,
  "cpx_k13_w1000": 0.9318241017403668,
  "cpx_k13_w5000": 0.9516715240823098,
  "cpx_k13_w20000": 0.9517932779254709,
  "stability_w1000": 0.9911486551124921,
  "stability_w5000": 0.9899147275456918,
  "stability_w20000": 0.9895872033426784,
  "stability_k3": 0.9957158384818855,
  "stability_k5": 0.9955202609479683,
  "stability_k8": 0.9971014219336467,
  "stability_k13": 0.9900698015727539,
  "overall_stability": 0.9888110366346434
}