{
  "bin_centers": [
    0.5646260041517885,
    0.5716871809353568,
    0.5787483577189252,
    0.5858095345024936,
    0.5928707112860618,
    0.5999318880696303,
    0.6069930648531985,
    0.6140542416367669,
    0.6211154184203354,
    0.6281765952039036
  ],
  "p_add_by_bin": [
    1.0,
    1.0,
    1.0,
    1.0,
    1.0,
    1.0,
    1.0,
    1.0,
    1.0,
    1.0
  ],
  "bin_counts": [
    2.0,
    4.0,
    9.0,
    5.0,
    8.0,
    2.0,
    5.0,
    4.0,
    7.0,
    2.0
  ],
  "monotonicity": 0.0,
  "lag_score": 1.0,
  "base_score": 1.0
}