{
  "cpx_k3_w1000": 0.9245974885673933,
  "cpx_k3_w5000": 0.9272947760575028,
  "cpx_k3_w20000": 0.9258959194746709,
  "cpx_k5_w1000": 0.9362717861601701,
  "cpx_k5_w5000": 0.9342159460492769,
  "cpx_k5_w20000": 0.937799615715027,
  "cpx_k8_w1000": 0.9447092653670993,
  "cpx_k8_w5000": 0.9429629640223438,
  "cpx_k8_w20000": 0.9477275398773679,
  "cpx_k13_w1000": 0.9476355214967941,
  "cpx_k13_w5000": 0.9501528528667245,
  "cpx_k13_w20000": 0.9576225632151194,
  "stability_w1000": 0.9904660784720006,
  "stability_w5000": 0.9907811771071646,
  "stability_w20000": 0.9875149874394724,
  "stability_k3": 0.9988104736900293,
  "stability_k5": 0.9984314523879064,
  "stability_k8": 0.9979176489328738,
  "stability_k13": 0.9955442518045997,
  "overall_stability": 0.9893075383627032
}