{
  "bin_centers": [
    0.5647829387864007,
    0.572152531964863,
    0.5795221251433252,
    0.5868917183217875,
    0.5942613115002499,
    0.601630904678712,
    0.6090004978571744,
    0.6163700910356367,
    0.623739684214099,
    0.6311092773925612
  ],
  "p_add_by_bin": [
    1.0,
    1.0,
    1.0,
    1.0,
    1.0,
    1.0,
    1.0,
    1.0,
    1.0,
    1.0
  ],
  "bin_counts": [
    1.0,
    3.0,
    6.0,
    7.0,
    7.0,
    6.0,
    3.0,
    7.0,
    2.0,
    6.0
  ],
  "monotonicity": 0.0,
  "lag_score": 1.0,
  "base_score": 1.0
}