{
  "cpx_k3_w1000": 0.9223484958824162,
  "cpx_k3_w5000": 0.9237245883127466,
  "cpx_k3_w20000": 0.9257799423499082,
  "cpx_k5_w1000": 0.9286856950311291,
  "cpx_k5_w5000": 0.9359485883812135,
  "cpx_k5_w20000": 0.9388076461312562,
  "cpx_k8_w1000": 0.9199441455294458,
  "cpx_k8_w5000": 0.9441847328665443,
  "cpx_k8_w20000": 0.9470002283852554,
  "cpx_k13_w1000": 0.936997736437099,
  "cpx_k13_w5000": 0.9524306587718274,
  "cpx_k13_w20000": 0.9536646948624927,
  "stability_w1000": 0.9928806680186302,
  "stability_w5000": 0.9887065809861898,
  "stability_w20000": 0.9889538823411768,
  "stability_k3": 0.9984739435660891,
  "stability_k5": 0.9954406298343196,
  "stability_k8": 0.987038745063132,
  "stability_k13": 0.9919987473676647,
  "overall_stability": 0.987929100958521
}