{
  "bin_centers": [
    0.5664908961743856,
    0.5727704901390798,
    0.579050084103774,
    0.5853296780684681,
    0.5916092720331624,
    0.5978888659978565,
    0.6041684599625508,
    0.6104480539272449,
    0.6167276478919391,
    0.6230072418566333
  ],
  "p_add_by_bin": [
    1.0,
    1.0,
    1.0,
    1.0,
    1.0,
    1.0,
    1.0,
    1.0,
    1.0,
    1.0
  ],
  "bin_counts": [
    4.0,
    4.0,
    9.0,
    4.0,
    8.0,
    3.0,
    4.0,
    3.0,
    5.0,
    4.0
  ],
  "monotonicity": 0.0,
  "lag_score": 1.0,
  "base_score": 1.0
}