{
  "bin_centers": [
    0.5595372600070392,
    0.5653662749248887,
    0.5711952898427382,
    0.5770243047605879,
    0.5828533196784373,
    0.5886823345962868,
    0.5945113495141365,
    0.600340364431986,
    0.6061693793498356,
    0.6119983942676852
  ],
  "p_add_by_bin": [
    1.0,
    1.0,
    1.0,
    1.0,
    1.0,
    0.0,
    1.0,
    1.0,
    1.0,
    1.0
  ],
  "bin_counts": [
    4.0,
    5.0,
    6.0,
    7.0,
    8.0,
    0,
    4.0,
    6.0,
    4.0,
    4.0
  ],
  "monotonicity": 0.0,
  "lag_score": 1.0,
  "base_score": 1.0
}