{
  "bin_centers": [
    0.554218860141241,
    0.5603924200276229,
    0.5665659799140046,
    0.5727395398003863,
    0.5789130996867682,
    0.5850866595731499,
    0.5912602194595318,
    0.5974337793459135,
    0.6036073392322951,
    0.6097808991186771
  ],
  "p_add_by_bin": [
    1.0,
    1.0,
    1.0,
    1.0,
    1.0,
    1.0,
    1.0,
    1.0,
    1.0,
    1.0
  ],
  "bin_counts": [
    2.0,
    2.0,
    7.0,
    9.0,
    6.0,
    5.0,
    4.0,
    5.0,
    5.0,
    3.0
  ],
  "monotonicity": 0.0,
  "lag_score": 1.0,
  "base_score": 1.0
}